{
    "id": 1,
    "summary": "1st Round",
    "desc": "1st Round",
    "start": "2024-08-29T18:00:00+05:30",
    "end": "2024-08-29T18:40:00+05:30",
    "attendees": null,
    "status": null,
    "comment": null,
    "score": {
        "P": 8
    },
    "link": "http://www.hhh.com",
    "user_det": {
        "id": 1,
        "question_score": null,
        "status": null,
        "candidate": {
            "id": 1,
            "candidate_firstName": "mohan",
            "candidate_lastName": "raj",
            "candidateGender": "male",
            "candidateComment": "",
            "candidate_email": "mohanrajk@dataterrain.com",
            "candidate_dob": null,
            "candidate_phoneNumber": null,
            "candidateAppliedDate": null,
            "candidate_isActive": true,
            "candidate_keySkill_Experience": null,
            "candidate_yoe": null,
            "candidateOtherSkills": null,
            "candidateQualification": null,
            "candidateWorkMode": null,
            "candidate_noticePeriod": null,
            "candidate_location": null,
            "candidateDistance": null,
            "candidateTotalExperience": null,
            "candidate_onNotice": null,
            "candidate_currentSalary": 0,
            "candidate_expectedSalary": 0,
            "candidate_resume": null,
            "candidate_IsWillingToMove": false,
            "candidate_resume_modification": null,
            "candidateProfileImage": "/media/gallery/images/candidate_avatar_default.svg"
        },
        "handled_by": {
            "id": 3,
            "password": "pbkdf2_sha256$600000$rawrshlQHIZHae13pTGfTt$qKtfw++/01tONB0U8DRFXbUInup0aGM4H6HkqztOBtQ=",
            "last_login": null,
            "userEmail": "vinodhini_hr@dataterrain.com",
            "username": "vinodhini_hr",
            "firstName": "Vinodhini",
            "lastName": "HR",
            "userRole": "hr_employee",
            "userPhoneNumber": "",
            "userActiveDate": "2024-07-10T22:20:35.695239+05:30",
            "userinActiveDate": null,
            "userModifiedDate": "2024-07-10T22:31:42.736419+05:30",
            "userdateofbirth": null,
            "userbloodgroup": null,
            "userdescription": null,
            "usercity": null,
            "userstate": null,
            "userzipcode": null,
            "usercountry": null,
            "userProfileImage": "/media/gallery/images/employee_avatar_default.svg",
            "is_staff": false,
            "is_active": true,
            "is_superuser": false,
            "groups": [
                1,
                4
            ],
            "user_permissions": []
        },
        "job_id": {
            "id": 11,
            "jobRequest_Title": "django developer",
            "jobRequest_Role": "software engineer",
            "jobRequest_KeySkills": "django",
            "jobRequest_Description": "asfffasf",
            "jobRequest_Expected_YOE": null,
            "jobRequest_TotalVacancy": 1,
            "jobRequest_FilledVacancy": 0,
            "jobRequest_isActive": true,
            "jobRequest_isClosed": false,
            "jobRequest_has_Started": true,
            "jobRequest_isPriority": false,
            "jobRequest_PriorityValue": 0,
            "jobRequest_MoveToAssets": false,
            "jobRequest_createdOn": "2024-07-11T17:47:33.572939+05:30",
            "jobRequest_Icon": "/media/gallery/images/jd_avatar_default.svg",
            "jobRequest_createdBy": null
        }
    },
    "job_id": {
        "id": 11,
        "jobRequest_Title": "django developer",
        "jobRequest_Role": "software engineer",
        "jobRequest_KeySkills": "django",
        "jobRequest_Description": "asfffasf",
        "jobRequest_Expected_YOE": null,
        "jobRequest_TotalVacancy": 1,
        "jobRequest_FilledVacancy": 0,
        "jobRequest_isActive": true,
        "jobRequest_isClosed": false,
        "jobRequest_has_Started": true,
        "jobRequest_isPriority": false,
        "jobRequest_PriorityValue": 0,
        "jobRequest_MoveToAssets": false,
        "jobRequest_createdOn": "2024-07-11T17:47:33.572939+05:30",
        "jobRequest_Icon": "/media/gallery/images/jd_avatar_default.svg",
        "jobRequest_createdBy": null
    }
}